{
	"main":{
		"name":"The Tempus Project",
		"logo":"Images\/logo.png",
		"template":"default",
		"tokenName":"TPC_SESSION_TOKEN",
		"loginLimit":5,
		"pageLimit":50,
		"pageDefault":5
	},
	"uploads":{
		"enabled":true,
		"files":true,
		"images":true,
		"avatarOnly":true,
		"maxFileSize":5000000,
		"maxImageSize":500000
	},
	"database":{
		"dbHost":"",
		"dbUsername":"",
		"dbPassword":"",
		"dbName":"",
		"dbType":"mysql",
		"dbEnabled":true,
		"dbMaxQuery":100
	},
	"cookie":{
		"cookiePrefix":"TTP_",
		"cookieExpiry":604800
	},
	"session":{
		"sessionPrefix":"TTP_"
	},
	"bugreports":{
		"enabled":true,
		"sendEmail":false,
		"emailTemplate":"default",
		"emailVersion":"bugreportResponse"
	},
	"feedback":{
		"enabled":true,
		"sendEmail":false,
		"emailTemplate":"default",
		"emailVersion":"feedbackResponse"
	},
	"group":{
		"defaultGroup":5
	},
	"logging":{
		"admin":true,
		"errors":true,
		"logins":true
	}
}